{
   "_id":"pedsnet",
   "adt_occurrence":{
      "adt_date":{
         "Comments":"equals adt_date minus random number of days from 1-60, must be the same number of days across all timeshifted dates per person_id",
         "Keep":"X",
         "Metadata":"The date of the adt event",
         "TimeShift":"X",
         "ora datatype":"DATE"
      },
      "adt_datetime":{
         "Keep":"X",
         "Metadata":"The datetime of the adt event",
         "TimeShift":"X",
         "ora datatype":"TIMESTAMP"
      },
      "adt_occurrence_id":{
         "Keep":"X",
         "Metadata":"A unique identifier for each ADT event.",
         "ora datatype":"NUMBER(19)"
      },
      "adt_type_concept_id":{
         "Keep":"X",
         "Metadata":"A foreign key that refers to an adt event type concept identifier in the vocabulary. This concept describes the type of the adt event.",
         "ora datatype":"NUMBER(10)"
      },
      "adt_type_source_value":{
         "Keep":"X",
         "Metadata":"The source data used to identify the adt event type",
         "ora datatype":"VARCHAR2(256 CHAR)"
      },
      "care_site_id":{
         "Keep":"X",
         "Metadata":"A foreign key to the care site in which this adt event occurred.",
         "ora datatype":"NUMBER(19)"
      },
      "next_adt_occurrence_id":{
         "Keep":"X",
         "Metadata":"Foreign key into the adt_occurrence table pointing to the ADT record immediately following this record in the event stream for the visit. Must be populated for all but the last ADT even within a visit.",
         "ora datatype":"NUMBER(19)"
      },
      "person_id":{
         "Keep":"X",
         "Metadata":"A foreign key identifier to the person for whom the visit is recorded.",
         "ora datatype":"NUMBER(19)"
      },
      "prior_adt_occurrence_id":{
         "Keep":"X",
         "Metadata":"Foreign key into the adt_occurrence table pointing to the ADT record immediately preceding this record in the event stream for the visit. Must be populated for all but the first ADT even within a visit.",
         "ora datatype":"NUMBER(19)"
      },
      "service_concept_id":{
         "Keep":"X",
         "Metadata":"A foreign key that refers to a adt event service concept identifier in the vocabulary. This concept describes the type of service associated with this adt event.",
         "ora datatype":"NUMBER(10)"
      },
      "service_source_value":{
         "Keep":"X",
         "Metadata":"The source data used to derive the service type for this event. It will typically be a department code from the ADT event.",
         "ora datatype":"VARCHAR2(256 CHAR)"
      },
      "visit_occurrence_id":{
         "Keep":"X",
         "Metadata":"A foreign key identifier to the visit containing this event.",
         "ora datatype":"NUMBER(19)"
      }
   },
   "care_site":{
      "care_site_id":{
         "Keep":"X",
         "Metadata":"A unique identifier for each defined location of care within an organization. Here, an organization is defined as a collection of one or more care sites that share a single EHR database.",
         "ora datatype":"NUMBER(19)"
      },
      "care_site_name":{
         "Keep":"X",
         "Metadata":"The description of the care site",
         "ora datatype":"VARCHAR2(256 CHAR)"
      },
      "care_site_source_value":{
         "Metadata":"The identifier for the organization in the source data, stored here for reference.",
         "Null":"X",
         "ora datatype":"VARCHAR2(256 CHAR)"
      },
      "location_id":{
         "Keep":"X",
         "Metadata":"A foreign key to the geographic location of the administrative offices of the organization in the location table, where the detailed address information is stored.",
         "ora datatype":"NUMBER(19)"
      },
      "place_of_service_concept_id":{
         "Keep":"X",
         "Metadata":"A foreign key that refers to a place of service concept identifier in the Vocabulary",
         "ora datatype":"NUMBER(10)"
      },
      "place_of_service_source_value":{
         "Metadata":"The source code for the place of service as it appears in the source data, stored here for reference.",
         "Null":"X",
         "ora datatype":"VARCHAR2(256 CHAR)"
      },
      "specialty_concept_id":{
         "Keep":"X",
         "Metadata":"The specialty of the department linked to a standard specialty concept as it appears in the Vocabulary",
         "ora datatype":"NUMBER(10)"
      },
      "specialty_source_value":{
         "Metadata":"The source code for the specialty as it appears in the source data, stored here for reference.",
         "Null":"X",
         "ora datatype":"VARCHAR2(256 CHAR)"
      }
   },
   "concept":{
      "concept_class_id":{
         "Keep":"X",
         "ora datatype":"VARCHAR2(50 CHAR)"
      },
      "concept_code":{
         "Keep":"X",
         "ora datatype":"VARCHAR2(256 CHAR)"
      },
      "concept_id":{
         "Keep":"X",
         "ora datatype":"NUMBER(10)"
      },
      "concept_name":{
         "Keep":"X",
         "ora datatype":"VARCHAR2(512 CHAR)"
      },
      "domain_id":{
         "Keep":"X",
         "ora datatype":"VARCHAR2(20 CHAR)"
      },
      "invalid_reason":{
         "Keep":"X",
         "ora datatype":"VARCHAR2(1 CHAR)"
      },
      "standard_concept":{
         "Keep":"X",
         "ora datatype":"VARCHAR2(1 CHAR)"
      },
      "valid_end_date":{
         "Keep":"X",
         "ora datatype":"DATE"
      },
      "valid_start_date":{
         "Keep":"X",
         "ora datatype":"DATE"
      },
      "vocabulary_id":{
         "Keep":"X",
         "ora datatype":"VARCHAR2(20 CHAR)"
      }
   },
   "concept_ancestor":{
      "ancestor_concept_id":{
         "Keep":"X",
         "ora datatype":"NUMBER(10)"
      },
      "descendant_concept_id":{
         "Keep":"X",
         "ora datatype":"NUMBER(10)"
      },
      "max_levels_of_separation":{
         "Keep":"X",
         "ora datatype":"NUMBER(10)"
      },
      "min_levels_of_separation":{
         "Keep":"X",
         "ora datatype":"NUMBER(10)"
      }
   },
   "concept_class":{
      "concept_class_concept_id":{
         "Keep":"X",
         "ora datatype":"NUMBER(10)"
      },
      "concept_class_id":{
         "Keep":"X",
         "ora datatype":"VARCHAR2(50 CHAR)"
      },
      "concept_class_name":{
         "Keep":"X",
         "ora datatype":"VARCHAR2(255 CHAR)"
      }
   },
   "concept_relationship":{
      "concept_id_1":{
         "Keep":"X",
         "ora datatype":"NUMBER(10)"
      },
      "concept_id_2":{
         "Keep":"X",
         "ora datatype":"NUMBER(10)"
      },
      "invalid_reason":{
         "Keep":"X",
         "ora datatype":"VARCHAR2(1 CHAR)"
      },
      "relationship_id":{
         "Keep":"X",
         "ora datatype":"VARCHAR2(20 CHAR)"
      },
      "valid_end_date":{
         "Keep":"X",
         "ora datatype":"DATE"
      },
      "valid_start_date":{
         "Keep":"X",
         "ora datatype":"DATE"
      }
   },
   "concept_synonym":{
      "concept_synonym_name":{
         "Keep":"X",
         "ora datatype":"VARCHAR2(1200 CHAR)"
      },
      "language_concept_id":{
         "Keep":"X",
         "ora datatype":"NUMBER(10)"
      }
   },
   "condition_era":{
      "condition_concept_id":{
         "Keep":"X",
         "ora datatype":"NUMBER(10)"
      },
      "condition_era_end_date":{
         "Keep":"X",
         "TimeShift":"X",
         "ora datatype":"DATE"
      },
      "condition_era_id":{
         "Keep":"X",
         "ora datatype":"NUMBER(19)"
      },
      "condition_era_start_date":{
         "Keep":"X",
         "TimeShift":"X",
         "ora datatype":"DATE"
      },
      "condition_occurrence_count":{
         "Keep":"X",
         "ora datatype":"NUMBER(10)"
      },
      "person_id":{
         "Keep":"X",
         "ora datatype":"NUMBER(19)"
      }
   },
   "condition_occurrence":{
      "condition_concept_id":{
         "Keep":"X",
         "Metadata":"A foreign key that refers to a standard condition concept identifier in the Vocabulary.",
         "ora datatype":"NUMBER(10)"
      },
      "condition_end_date":{
         "Keep":"X",
         "Metadata":"The date when the instance of the condition is considered to have ended",
         "TimeShift":"X",
         "ora datatype":"DATE"
      },
      "condition_end_datetime":{
         "Keep":"X",
         "Metadata":"The date and time when the instance of the condition is considered to have ended",
         "TimeShift":"X",
         "ora datatype":"TIMESTAMP"
      },
      "condition_occurrence_id":{
         "Keep":"X",
         "Metadata":"A unique identifier for each condition occurrence event.",
         "ora datatype":"NUMBER(19)"
      },
      "condition_source_concept_id":{
         "Metadata":"A foreign key to a condition concept that refers to the code used in the source",
         "Null":"X",
         "ora datatype":"NUMBER(10)"
      },
      "condition_source_value":{
         "Metadata":"The source code for the condition as it appears in the source data. This code is mapped to a standard condition concept in the Vocabulary and the original code is, stored here for reference.",
         "Null":"X",
         "ora datatype":"VARCHAR2(256 CHAR)"
      },
      "condition_start_date":{
         "Keep":"X",
         "Metadata":"The date when the instance of the condition is recorded.",
         "TimeShift":"X",
         "ora datatype":"DATE"
      },
      "condition_start_datetime":{
         "Keep":"X",
         "Metadata":"The date and time when the instance of the condition is recorded.",
         "TimeShift":"X",
         "ora datatype":"TIMESTAMP"
      },
      "condition_status_concept_id":{
         "Keep":"X",
         "Metadata":"A foreign key to the predefined concept in the standard vocabulary reflecting the condition status.",
         "ora datatype":"NUMBER(10)"
      },
      "condition_status_source_value":{
         "Metadata":"The source code for the condition status as it appears in the source data.",
         "Null":"X",
         "ora datatype":"VARCHAR2(256 CHAR)"
      },
      "condition_type_concept_id":{
         "Keep":"X",
         "Metadata":"A foreign key to the predefined concept identifier in the Vocabulary reflecting the source data from which the condition was recorded, the level of standardization, and the type of occurrence. For example, conditions may be defined as primary or secondary diagnoses, problem lists and person statuses.",
         "ora datatype":"NUMBER(10)"
      },
      "person_id":{
         "Keep":"X",
         "Metadata":"A foreign key identifier to the person who is experiencing the condition. The demographic details of that person are stored in the person table.",
         "ora datatype":"NUMBER(19)"
      },
      "poa_concept_id":{
         "Keep":"X",
         "Metadata":"A foreign key to value in the source for that determines if the diagnosis is present on admission",
         "ora datatype":"NUMBER(10)"
      },
      "provider_id":{
         "Keep":"X",
         "Metadata":"A foreign key to the provider in the provider table who was responsible for determining (diagnosing) the condition.",
         "ora datatype":"NUMBER(19)"
      },
      "stop_reason":{
         "Keep":"X",
         "Metadata":"The reason, if available, that the condition was no longer recorded, as indicated in the source data.",
         "ora datatype":"VARCHAR2(256 CHAR)"
      },
      "visit_occurrence_id":{
         "Keep":"X",
         "Metadata":"A foreign key to the visit in the visit table during which the condition was determined (diagnosed).",
         "ora datatype":"NUMBER(19)"
      }
   },
   "death":{
      "cause_concept_id":{
         "Keep":"X",
         "Metadata":"A foreign referring to a standard concept identifier in the Vocabulary for conditions.",
         "ora datatype":"NUMBER(10)"
      },
      "cause_source_concept_id":{
         "Keep":"X",
         "Metadata":"A foreign key to the vocabulary concept that refers to the code used in the source.",
         "ora datatype":"NUMBER(10)"
      },
      "cause_source_value":{
         "Keep":"X",
         "Metadata":"The source code for the cause of death as it appears in the source. This code is mapped to a standard concept in the Vocabulary and the original code is stored here for reference.",
         "ora datatype":"VARCHAR2(256 CHAR)"
      },
      "death_cause_id":{
         "Keep":"X",
         "Metadata":"A unique identifier for each death cause occurrence",
         "ora datatype":"NUMBER(19)"
      },
      "death_date":{
         "Keep":"X",
         "Metadata":"The date the person was deceased.",
         "TimeShift":"X",
         "ora datatype":"DATE"
      },
      "death_datetime":{
         "Keep":"X",
         "Metadata":"The date the person was deceased.",
         "TimeShift":"X",
         "ora datatype":"TIMESTAMP"
      },
      "death_impute_concept_id":{
         "Keep":"X",
         "Metadata":"A foreign key referring to a standard concept identifier in the vocabulary for death imputation.",
         "ora datatype":"NUMBER(10)"
      },
      "death_type_concept_id":{
         "Keep":"X",
         "Metadata":"A foreign key referring to the predefined concept identifier in the Vocabulary reflecting how the death was represented in the source data.",
         "ora datatype":"NUMBER(10)"
      },
      "person_id":{
         "Keep":"X",
         "Metadata":"A foreign key identifier to the deceased person. The demographic details of that person are stored in the person table.",
         "ora datatype":"NUMBER(19)"
      }
   },
   "device_exposure":{
      "device_concept_id":{
         "Keep":"X",
         "Metadata":"A foreign key that refers to a Standard Concept identifier in the Standardized Vocabularies belonging to the 'Device' domain.",
         "ora datatype":"NUMBER(10)"
      },
      "device_exposure_end_date":{
         "Keep":"X",
         "Metadata":"The date use of the Device or supply was ceased.",
         "TimeShift":"X",
         "ora datatype":"DATE"
      },
      "device_exposure_end_datetime":{
         "Keep":"X",
         "Metadata":"The date and time use of the Device or supply was ceased.",
         "TimeShift":"X",
         "ora datatype":"TIMESTAMP"
      },
      "device_exposure_id":{
         "Keep":"X",
         "Metadata":"A system-generated unique identifier for each Device Exposure.",
         "ora datatype":"NUMBER(19)"
      },
      "device_exposure_start_date":{
         "Keep":"X",
         "Metadata":"The date the Device or supply was applied or used.",
         "TimeShift":"X",
         "ora datatype":"DATE"
      },
      "device_exposure_start_datetime":{
         "Keep":"X",
         "Metadata":"The date and time the Device or supply was applied or used.",
         "TimeShift":"X",
         "ora datatype":"TIMESTAMP"
      },
      "device_source_concept_id":{
         "Keep":"X",
         "Metadata":"A foreign key to a Device Concept that refers to the code used in the source.",
         "ora datatype":"NUMBER(10)"
      },
      "device_source_value":{
         "Keep":"X",
         "Metadata":"The source code for the Device as it appears in the source data. This code is mapped to a Standard Device Concept in the Standardized Vocabularies and the original code is stored here for reference.",
         "ora datatype":"VARCHAR2(256 CHAR)"
      },
      "device_type_concept_id":{
         "Keep":"X",
         "Metadata":"A foreign key to the predefined Concept identifier in the Standardized Vocabularies reflecting the type of Device Exposure recorded.",
         "ora datatype":"NUMBER(10)"
      },
      "person_id":{
         "Keep":"X",
         "Metadata":"A foreign key identifier to the Person who is subjected to the Device. The demographic details of that Person are stored in the PERSON table.",
         "ora datatype":"NUMBER(19)"
      },
      "placement_concept_id":{
         "Keep":"X",
         "Metadata":"A foreign key that refers to the body site where the device was placed.",
         "ora datatype":"NUMBER(10)"
      },
      "placement_source_value":{
         "Keep":"X",
         "Metadata":"The body site where the device was placed in the source system.",
         "ora datatype":"VARCHAR2(256 CHAR)"
      },
      "production_id":{
         "Keep":"X",
         "Metadata":"\"The \"\"PI\"\" portion of the UDI (as described above).\"",
         "ora datatype":"VARCHAR2(256 CHAR)"
      },
      "provider_id":{
         "Keep":"X",
         "Metadata":"A foreign key to the provider in the PROVIDER table who initiated or administered the Device.",
         "ora datatype":"NUMBER(19)"
      },
      "quantity":{
         "Keep":"X",
         "Metadata":"The number of individual Devices used in the exposure.",
         "ora datatype":"NUMBER(10)"
      },
      "unique_device_id":{
         "Keep":"X",
         "Metadata":"A UDI or equivalent identifying the instance of the Device used in the Person.",
         "ora datatype":"VARCHAR2(256 CHAR)"
      },
      "unit_concept_id":{
         "Keep":"X",
         "Metadata":"A foreign key to a standard concept identifier of device units in the Vocabulary.",
         "ora datatype":"NUMBER(10)"
      },
      "unit_source_concept_id":{
         "Keep":"X",
         "Metadata":"A foreign key to a concept that refers to the code used in the source for the unit.",
         "ora datatype":"NUMBER(10)"
      },
      "unit_source_value":{
         "Keep":"X",
         "Metadata":"The source code for the unit as it appears in the source data. This code is mapped to a standard unit concept in the Standardized Vocabularies and the original code is, stored here for reference.",
         "ora datatype":"VARCHAR2(256 CHAR)"
      },
      "visit_occurrence_id":{
         "Keep":"X",
         "Metadata":"A foreign key to the visit in the VISIT_OCCURRENCE table during which the Device was used.",
         "ora datatype":"NUMBER(19)"
      }
   },
   "domain":{
      "domain_concept_id":{
         "Keep":"X",
         "ora datatype":"NUMBER(10)"
      },
      "domain_id":{
         "Keep":"X",
         "ora datatype":"VARCHAR2(20 CHAR)"
      },
      "domain_name":{
         "Keep":"X",
         "ora datatype":"VARCHAR2(255 CHAR)"
      }
   },
   "dose_era":{
      "dose_era_end_date":{
         "Keep":"X",
         "TimeShift":"X",
         "ora datatype":"DATE"
      },
      "dose_era_id":{
         "Keep":"X",
         "ora datatype":"NUMBER(19)"
      },
      "dose_era_start_date":{
         "Keep":"X",
         "TimeShift":"X",
         "ora datatype":"DATE"
      },
      "dose_value":{
         "Keep":"X",
         "ora datatype":"FLOAT"
      },
      "drug_concept_id":{
         "Keep":"X",
         "ora datatype":"NUMBER(10)"
      },
      "person_id":{
         "Keep":"X",
         "ora datatype":"NUMBER(19)"
      },
      "unit_concept_id":{
         "Keep":"X",
         "ora datatype":"NUMBER(10)"
      }
   },
   "drug_era":{
      "drug_concept_id":{
         "Keep":"X",
         "ora datatype":"NUMBER(10)"
      },
      "drug_era_end_date":{
         "Keep":"X",
         "TimeShift":"X",
         "ora datatype":"DATE"
      },
      "drug_era_id":{
         "Keep":"X",
         "ora datatype":"NUMBER(19)"
      },
      "drug_era_start_date":{
         "Keep":"X",
         "TimeShift":"X",
         "ora datatype":"DATE"
      },
      "drug_exposure_count":{
         "Keep":"X",
         "ora datatype":"NUMBER(10)"
      },
      "gap_days":{
         "Keep":"X",
         "ora datatype":"NUMBER(10)"
      },
      "person_id":{
         "Keep":"X",
         "ora datatype":"NUMBER(19)"
      }
   },
   "drug_exposure":{
      "days_supply":{
         "Keep":"X",
         "Metadata":"The number of days of supply the medication as recorded in the original prescription or dispensing record",
         "ora datatype":"NUMBER(10)"
      },
      "dispense_as_written_concept_id":{
         "Keep":"X",
         "Metadata":"A foreign key to value in the source for that determines if the medication is to be dispensed as written",
         "ora datatype":"NUMBER(10)"
      },
      "dose_unit_concept_id":{
         "Keep":"X",
         "Metadata":"A foreign key to a predefined concept in the Standard Vocabularies reflecting the unit the effective drug_dose value is expressed",
         "ora datatype":"NUMBER(10)"
      },
      "dose_unit_source_value":{
         "Metadata":"The information about the dose unit as detailed in the source",
         "Null":"X",
         "ora datatype":"VARCHAR2(256 CHAR)"
      },
      "drug_concept_id":{
         "Keep":"X",
         "Metadata":"A foreign key that refers to a standard drug concept identifier in the Vocabulary.",
         "ora datatype":"NUMBER(10)"
      },
      "drug_exposure_end_date":{
         "Keep":"X",
         "Metadata":"The end date of the utilization of the drug",
         "TimeShift":"X",
         "ora datatype":"DATE"
      },
      "drug_exposure_end_datetime":{
         "Keep":"X",
         "Metadata":"The end date and time of the utilization of the drug",
         "TimeShift":"X",
         "ora datatype":"TIMESTAMP"
      },
      "drug_exposure_id":{
         "Keep":"X",
         "Metadata":"A system-generated unique identifier for each drug exposure",
         "ora datatype":"NUMBER(19)"
      },
      "drug_exposure_order_date":{
         "Keep":"X",
         "Metadata":"The order date of the drug",
         "TimeShift":"X",
         "ora datatype":"DATE"
      },
      "drug_exposure_order_datetime":{
         "Keep":"X",
         "Metadata":"The order date and time of the drug",
         "TimeShift":"X",
         "ora datatype":"TIMESTAMP"
      },
      "drug_exposure_start_date":{
         "Keep":"X",
         "Metadata":"The start date of the utilization of the drug. The start date of the prescription, the date the prescription was filled, the date a drug was dispensed or the date on which a drug administration procedure was recorded are acceptable.",
         "TimeShift":"X",
         "ora datatype":"DATE"
      },
      "drug_exposure_start_datetime":{
         "Keep":"X",
         "Metadata":"The start date and time of the utilization of the drug. The start date of the prescription, the date the prescription was filled, the date a drug was dispensed or the date on which a drug administration procedure was recorded are acceptable.",
         "TimeShift":"X",
         "ora datatype":"TIMESTAMP"
      },
      "drug_source_concept_id":{
         "Metadata":"A foreign key to a drug concept that refers to the code used in the source",
         "Null":"X",
         "ora datatype":"NUMBER(10)"
      },
      "drug_source_value":{
         "Metadata":"The source drug value as it appears in the source data. The source is mapped to a standard RxNorm concept and the original code is stored here for reference.",
         "Null":"X",
         "ora datatype":"VARCHAR2(256 CHAR)"
      },
      "drug_type_concept_id":{
         "Keep":"X",
         "Metadata":"A foreign key to a standard concept identifier of the type of drug exposure in the Vocabulary as represented in the source data",
         "ora datatype":"NUMBER(10)"
      },
      "eff_drug_dose_source_value":{
         "Metadata":"The drug dose for this drug_exposure record as it appears in the source",
         "Null":"X",
         "ora datatype":"VARCHAR2(256 CHAR)"
      },
      "effective_drug_dose":{
         "Keep":"X",
         "Metadata":"Numerical value of drug dose for this drug_exposure record",
         "ora datatype":"NUMBER"
      },
      "frequency":{
         "Keep":"X",
         "Metadata":"The frequency information as available from the source",
         "ora datatype":"VARCHAR2(256 CHAR)"
      },
      "lot_number":{
         "Keep":"X",
         "Metadata":"An identifier to determine where the product originated",
         "ora datatype":"VARCHAR2(256 CHAR)"
      },
      "person_id":{
         "Keep":"X",
         "Metadata":"A foreign key identifier to the person who is experiencing the condition. The demographic details of that person are stored in the person table.",
         "ora datatype":"NUMBER(19)"
      },
      "provider_id":{
         "Keep":"X",
         "Metadata":"A foreign key to the provider in the provider table who initiated (prescribed) the drug exposure",
         "ora datatype":"NUMBER(19)"
      },
      "quantity":{
         "Keep":"X",
         "Metadata":"The quantity of the drugs as recorded in the original prescription or dispensing record",
         "ora datatype":"NUMBER"
      },
      "refills":{
         "Keep":"X",
         "Metadata":"The number of refills after the initial prescription",
         "ora datatype":"NUMBER(10)"
      },
      "route_concept_id":{
         "Keep":"X",
         "Metadata":"A foreign key that refers to a standard administration route concept identifier in the Vocabulary.",
         "ora datatype":"NUMBER(10)"
      },
      "route_source_value":{
         "Metadata":"The information about the route of administration as detailed in the source",
         "Null":"X",
         "ora datatype":"VARCHAR2(256 CHAR)"
      },
      "sig":{
         "Keep":"X",
         "Metadata":"The directions on the drug prescription as recorded in the original prescription (and printed on the container) or the dispensing record",
         "ora datatype":"CLOB"
      },
      "stop_reason":{
         "Keep":"X",
         "Metadata":"The reason, if available, where the medication was stopped, as indicated in the source data.",
         "ora datatype":"VARCHAR2(256 CHAR)"
      },
      "visit_occurrence_id":{
         "Keep":"X",
         "Metadata":"A foreign key to the visit in the visit table during which the drug exposure initiated.",
         "ora datatype":"NUMBER(19)"
      }
   },
   "drug_strength":{
      "amount_unit_concept_id":{
         "Keep":"X",
         "ora datatype":"NUMBER(10)"
      },
      "amount_value":{
         "Keep":"X",
         "ora datatype":"NUMBER"
      },
      "box_size":{
         "Keep":"X",
         "ora datatype":"NUMBER(10)"
      },
      "denominator_unit_concept_id":{
         "Keep":"X",
         "ora datatype":"NUMBER(10)"
      },
      "denominator_value":{
         "Keep":"X",
         "ora datatype":"NUMBER"
      },
      "drug_concept_id":{
         "Keep":"X",
         "ora datatype":"NUMBER(10)"
      },
      "ingredient_concept_id":{
         "Keep":"X",
         "ora datatype":"NUMBER(10)"
      },
      "invalid_reason":{
         "Keep":"X",
         "ora datatype":"VARCHAR2(1 CHAR)"
      },
      "numerator_unit_concept_id":{
         "Keep":"X",
         "ora datatype":"NUMBER(10)"
      },
      "numerator_value":{
         "Keep":"X",
         "ora datatype":"NUMBER"
      },
      "valid_end_date":{
         "Keep":"X",
         "TimeShift":"X",
         "ora datatype":"DATE"
      },
      "valid_start_date":{
         "Keep":"X",
         "TimeShift":"X",
         "ora datatype":"DATE"
      }
   },
   "fact_relationship":{
      "domain_concept_id_1":{
         "Keep":"X",
         "Metadata":"The concept representing the domain of fact one, from which the corresponding table can be inferred.",
         "ora datatype":"NUMBER(10)"
      },
      "domain_concept_id_2":{
         "Keep":"X",
         "Metadata":"The concept representing the domain of fact two, from which the corresponding table can be inferred.",
         "ora datatype":"NUMBER(10)"
      },
      "fact_id_1":{
         "Keep":"X",
         "Metadata":"The unique identifier in the table corresponding to the domain of fact one.",
         "ora datatype":"NUMBER(19)"
      },
      "fact_id_2":{
         "Keep":"X",
         "Metadata":"The unique identifier in the table corresponding to the domain of fact two.",
         "ora datatype":"NUMBER(19)"
      },
      "relationship_concept_id":{
         "Keep":"X",
         "Metadata":"A foreign key to a standard concept identifier of relationship in the Standardized Vocabularies.",
         "ora datatype":"NUMBER(10)"
      }
   },
   "hash_token":{
      "person_id":{
         "Metadata":"A foreign key identifier to the Person who is subjected to the Device. The demographic details of that Person are stored in the PERSON table.",
         "Null":"X",
         "ora datatype":"NUMBER(19)"
      },
      "token_01":{
         "Metadata":"Encrypted keyed hash generated from PII using token strategy 01 in Datavant DeID.",
         "Null":"X",
         "ora datatype":"VARCHAR2(256 CHAR)"
      },
      "token_02":{
         "Metadata":"Encrypted keyed hash generated from PII using token strategy 02 in Datavant DeID",
         "Null":"X",
         "ora datatype":"VARCHAR2(256 CHAR)"
      },
      "token_03":{
         "Metadata":"Encrypted keyed hash generated from PII using token strategy 03 in Datavant DeID",
         "Null":"X",
         "ora datatype":"VARCHAR2(256 CHAR)"
      },
      "token_04":{
         "Metadata":"Encrypted keyed hash generated from PII using token strategy 04 in Datavant DeID",
         "Null":"X",
         "ora datatype":"VARCHAR2(256 CHAR)"
      },
      "token_05":{
         "Metadata":"Encrypted keyed hash generated from PII using token strategy 05 in Datavant DeID",
         "Null":"X",
         "ora datatype":"VARCHAR2(256 CHAR)"
      },
      "token_16":{
         "Metadata":"Encrypted keyed hash generated from PII using token strategy 16 in Datavant DeID",
         "Null":"X",
         "ora datatype":"VARCHAR2(256 CHAR)"
      },
      "token_encryption_key":{
         "Metadata":"The token encryption key used.",
         "Null":"X",
         "ora datatype":"VARCHAR2(256 CHAR)"
      }
   },
   "immunization":{
      "imm_body_site_concept_id":{
         "Keep":"X",
         "Metadata":"A foreign key that refers to the body site where the immunization was administered in the vocabulary.",
         "ora datatype":"NUMBER(10)"
      },
      "imm_body_site_source_value":{
         "Metadata":"The body site where the immunization was administered in the source system.",
         "Null":"X",
         "ora datatype":"VARCHAR2(256 CHAR)"
      },
      "imm_dose_unit_concept_id":{
         "Keep":"X",
         "Metadata":"A foreign key to a predefined concept in the Standard Vocabularies reflecting the unit the immunization_dose value is expressed",
         "ora datatype":"NUMBER(10)"
      },
      "imm_dose_unit_source_value":{
         "Metadata":"The information about the immunization dose unit as detailed in the source",
         "Null":"X",
         "ora datatype":"VARCHAR2(256 CHAR)"
      },
      "imm_exp_date":{
         "Keep":"X",
         "Metadata":"The date of the immunization expiration.",
         "TimeShift":"X",
         "ora datatype":"DATE"
      },
      "imm_exp_datetime":{
         "Keep":"X",
         "Metadata":"The date and time of the immunization expiration.",
         "TimeShift":"X",
         "ora datatype":"TIMESTAMP"
      },
      "imm_lot_num":{
         "Keep":"X",
         "Metadata":"The information about the immunization lot number",
         "ora datatype":"VARCHAR2(256 CHAR)"
      },
      "imm_manufacturer":{
         "Keep":"X",
         "Metadata":"The information about the immunization manufacturer",
         "ora datatype":"VARCHAR2(256 CHAR)"
      },
      "imm_recorded_date":{
         "Keep":"X",
         "Metadata":"The date the immunization was recorded.",
         "TimeShift":"X",
         "ora datatype":"DATE"
      },
      "imm_recorded_datetime":{
         "Keep":"X",
         "Metadata":"The time the immunization was recorded.",
         "TimeShift":"X",
         "ora datatype":"TIMESTAMP"
      },
      "imm_route_concept_id":{
         "Keep":"X",
         "Metadata":"A foreign key that refers to a standard immunization administration route concept identifier in the Vocabulary.",
         "ora datatype":"NUMBER(10)"
      },
      "imm_route_source_value":{
         "Metadata":"The information about the route of immunization as detailed in the source",
         "Null":"X",
         "ora datatype":"VARCHAR2(256 CHAR)"
      },
      "immunization_concept_id":{
         "Keep":"X",
         "Metadata":"A foreign key to the standard immunization concept identifier in the Vocabulary.",
         "ora datatype":"NUMBER(10)"
      },
      "immunization_date":{
         "Keep":"X",
         "Metadata":"The date of the immunization.",
         "TimeShift":"X",
         "ora datatype":"DATE"
      },
      "immunization_datetime":{
         "Keep":"X",
         "Metadata":"The time of the immunization.",
         "TimeShift":"X",
         "ora datatype":"TIMESTAMP"
      },
      "immunization_dose":{
         "Keep":"X",
         "Metadata":"Numerical value of immunization dose for this immunization record",
         "ora datatype":"VARCHAR2(256 CHAR)"
      },
      "immunization_id":{
         "Keep":"X",
         "Metadata":"A system-generated unique identifier for each immunization record",
         "ora datatype":"NUMBER(19)"
      },
      "immunization_source_concept_id":{
         "Metadata":"A foreign key to an immunization concept that refers to the code used in the source",
         "Null":"X",
         "ora datatype":"NUMBER(10)"
      },
      "immunization_source_value":{
         "Metadata":"The immunization name as it appears in the source data. This code is mapped to a standard concept in the Standardized Vocabularies and the original code is, stored here for reference.",
         "Null":"X",
         "ora datatype":"VARCHAR2(256 CHAR)"
      },
      "immunization_type_concept_id":{
         "Keep":"X",
         "Metadata":"A foreign key that refers to source of immunization record.",
         "ora datatype":"NUMBER(10)"
      },
      "person_id":{
         "Keep":"X",
         "Metadata":"A foreign key identifier to the person who the immunization record is being documented for. The demographic details of that person are stored in the person table.",
         "ora datatype":"NUMBER(19)"
      }
   },
   "lab_site_mapping":{
      "pedsnet_concept_id":{
         "Keep":"X",
         "ora datatype":"NUMBER(10)"
      },
      "pedsnet_lab_name":{
         "Keep":"X",
         "ora datatype":"VARCHAR2(256 CHAR)"
      },
      "pedsnet_loinc_code":{
         "Keep":"X",
         "ora datatype":"VARCHAR2(256 CHAR)"
      },
      "site_loinc_code":{
         "Keep":"X",
         "ora datatype":"VARCHAR2(256 CHAR)"
      },
      "site_measurement_concept_id":{
         "Keep":"X",
         "ora datatype":"NUMBER(10)"
      },
      "site_source_value":{
         "Keep":"X",
         "ora datatype":"VARCHAR2(256 CHAR)"
      }
   },
   "location":{
      "address_1":{
         "Null":"X",
         "ora datatype":"VARCHAR2(256 CHAR)"
      },
      "address_2":{
         "Null":"X",
         "ora datatype":"VARCHAR2(256 CHAR)"
      },
      "census_block_group":{
         "Metadata":"The Census Block Group associated with the address. This is NOT to be confused with the census block.",
         "Null":"X",
         "ora datatype":"VARCHAR2(12 CHAR)"
      },
      "city":{
         "Metadata":"The city field as it appears in the source data.",
         "Null":"X",
         "ora datatype":"VARCHAR2(256 CHAR)"
      },
      "country_concept_id":{
         "Metadata":"The Concept Id representing the country. Values should conform to the Geography domain.",
         "Null":"X",
         "ora datatype":"NUMBER(10)"
      },
      "country_source_value":{
         "Metadata":"The name of the country.",
         "Null":"X",
         "ora datatype":"VARCHAR2(256 CHAR)"
      },
      "county":{
         "Null":"X",
         "ora datatype":"VARCHAR2(256 CHAR)"
      },
      "domain_id":{
         "Keep":"X",
         "Metadata":"The domain of the entity that is related to the location. Either PERSON, PROVIDER, or CARE_SITE.",
         "ora datatype":"VARCHAR2(256 CHAR)"
      },
      "end_date":{
         "Keep":"X",
         "Metadata":"The date the relationship ended.",
         "TimeShift":"X",
         "ora datatype":"DATE"
      },
      "end_datetime":{
         "Keep":"X",
         "Metadata":"The date the relationship ended.",
         "TimeShift":"X",
         "ora datatype":"TIMESTAMP"
      },
      "entity_id":{
         "Keep":"X",
         "Metadata":"The unique identifier for the entity. References either person_id, provider_id, or care_site_id, depending on domain_id.",
         "ora datatype":"NUMBER(19)"
      },
      "latitude":{
         "Metadata":"Must be between -90 and 90.",
         "Null":"X",
         "ora datatype":"FLOAT"
      },
      "location_history_id":{
         "Keep":"X",
         "Metadata":"A system-generated unique identifier for each Location History.",
         "ora datatype":"NUMBER(19)"
      },
      "location_id":{
         "Comments":"Remap to the new Location table if that is not possible we should drop whole table",
         "Keep":"X",
         "Metadata":"A foreign key to the location table.",
         "ora datatype":"NUMBER(19)"
      },
      "location_preferred_concept_id":{
         "Keep":"X",
         "Metadata":"A foreign key that indicates if the location is the preferred location.",
         "ora datatype":"NUMBER(10)"
      },
      "location_source_value":{
         "Metadata":"The verbatim information that is used to uniquely identify the location as it appears in the source data.",
         "Null":"X",
         "ora datatype":"VARCHAR2(256 CHAR)"
      },
      "longitude":{
         "Metadata":"Must be between -180 and 180.",
         "Null":"X",
         "ora datatype":"FLOAT"
      },
      "relationship_type_concept_id":{
         "Keep":"X",
         "Metadata":"The type of relationship between location and entity.",
         "ora datatype":"NUMBER(10)"
      },
      "start_date":{
         "Keep":"X",
         "Metadata":"The date the relationship started.",
         "TimeShift":"X",
         "ora datatype":"DATE"
      },
      "start_datetime":{
         "Keep":"X",
         "Metadata":"The date the relationship started.",
         "TimeShift":"X",
         "ora datatype":"TIMESTAMP"
      },
      "state":{
         "Metadata":"The state field as it appears in the source data.",
         "Null":"X",
         "ora datatype":"VARCHAR2(256 CHAR)"
      },
      "zip":{
         "Comments":"Reduce to 3 leading numbers, except the smaller zips - see rules",
         "Keep":"X",
         "Metadata":"The zip code. For US addresses, valid zip codes can be 3, 5 or 9 digits long, depending on the source data.",
         "ora datatype":"VARCHAR2(256 CHAR)"
      }
   },
   "measurement":{
      "measurement_concept_id":{
         "Keep":"X",
         "Metadata":"A foreign key to the standard measurement concept identifier in the Vocabulary.",
         "ora datatype":"NUMBER(10)"
      },
      "measurement_date":{
         "Keep":"X",
         "Metadata":"The date of the measurement.",
         "TimeShift":"X",
         "ora datatype":"DATE"
      },
      "measurement_datetime":{
         "Keep":"X",
         "Metadata":"The time of the measurement.",
         "TimeShift":"X",
         "ora datatype":"TIMESTAMP"
      },
      "measurement_id":{
         "Keep":"X",
         "Metadata":"A system-generated unique identifier for each measurement",
         "ora datatype":"NUMBER(19)"
      },
      "measurement_order_date":{
         "Keep":"X",
         "Metadata":"This field applies to Lab Orders only. This is the date the lab was ordered in the source.",
         "TimeShift":"X",
         "ora datatype":"DATE"
      },
      "measurement_order_datetime":{
         "Keep":"X",
         "Metadata":"This field applies to Lab Orders only. This is the time the lab was ordered in the source.",
         "TimeShift":"X",
         "ora datatype":"TIMESTAMP"
      },
      "measurement_result_date":{
         "Keep":"X",
         "Metadata":"This field applies to Lab Orders only. This is the date the lab resulted in the source.",
         "TimeShift":"X",
         "ora datatype":"DATE"
      },
      "measurement_result_datetime":{
         "Keep":"X",
         "Metadata":"This field applies to Lab Orders only. This is the time the lab resulted in the source.",
         "TimeShift":"X",
         "ora datatype":"TIMESTAMP"
      },
      "measurement_source_concept_id":{
         "Metadata":"A foreign key to a concept that refers to the code used in the source.",
         "Null":"X",
         "ora datatype":"NUMBER(10)"
      },
      "measurement_source_value":{
         "Metadata":"The measurement name as it appears in the source data. This code is mapped to a standard concept in the Standardized Vocabularies and the original code is, stored here for reference.",
         "Null":"X",
         "ora datatype":"VARCHAR2(256 CHAR)"
      },
      "measurement_type_concept_id":{
         "Keep":"X",
         "Metadata":"A foreign key to the predefined concept identifier in the Vocabulary reflecting the type of the measurement.",
         "ora datatype":"NUMBER(10)"
      },
      "operator_concept_id":{
         "Keep":"X",
         "Metadata":"A foreign key identifier to the mathematical operator that is applied to the value_as_number.Operators are <, �, =, �, >",
         "ora datatype":"NUMBER(10)"
      },
      "person_id":{
         "Keep":"X",
         "Metadata":"A foreign key identifier to the person who the measurement is being documented for. The demographic details of that person are stored in the person table.",
         "ora datatype":"NUMBER(19)"
      },
      "priority_concept_id":{
         "Keep":"X",
         "Metadata":"This field applies to Lab Orders only. A foreign key to a concept that refers to the lab priority as described in the source",
         "ora datatype":"NUMBER(10)"
      },
      "priority_source_value":{
         "Keep":"X",
         "Metadata":"This field applies to Lab Orders only. The lab priority as described in the source",
         "ora datatype":"VARCHAR2(256 CHAR)"
      },
      "provider_id":{
         "Keep":"X",
         "Metadata":"A foreign key to the provider in the provider table who was responsible for making the measurement.",
         "ora datatype":"NUMBER(19)"
      },
      "range_high":{
         "Keep":"X",
         "Metadata":"The upper limit of the normal range of the measurement. It is not applicable if the measurement results are non-numeric or categorical, and must be in the same units of measure as the measurement value.",
         "ora datatype":"NUMBER"
      },
      "range_high_operator_concept_id":{
         "Keep":"X",
         "Metadata":"A foreign key to the modifier of higher limit of the normal range of the measurement as it appears in the source as a concept identifier.",
         "ora datatype":"NUMBER(10)"
      },
      "range_high_source_value":{
         "Metadata":"The upper limit of the normal range of the measurement as it appears in the source.",
         "Null":"X",
         "ora datatype":"VARCHAR2(256 CHAR)"
      },
      "range_low":{
         "Keep":"X",
         "Metadata":"The lower limit of the normal range of the measurement. It is not applicable if the measurement results are non-numeric or categorical, and must be in the same units of measure as the measurement value.",
         "ora datatype":"NUMBER"
      },
      "range_low_operator_concept_id":{
         "Keep":"X",
         "Metadata":"A foreign key to the modifier of lower limit of the normal range of the measurement as it appears in the source as a concept identifier.",
         "ora datatype":"NUMBER(10)"
      },
      "range_low_source_value":{
         "Metadata":"The lower limit of the normal range of the measurement as it appears in the source.",
         "Null":"X",
         "ora datatype":"VARCHAR2(256 CHAR)"
      },
      "specimen_concept_id":{
         "Keep":"X",
         "Metadata":"This field is applicable for lab values only. A foreign key to a concept that refers to the specimen source.",
         "ora datatype":"NUMBER(10)"
      },
      "specimen_source_value":{
         "Metadata":"This field is applicable for lab values only. This source value for the specimen source as it appears in the source",
         "Null":"X",
         "ora datatype":"VARCHAR2(256 CHAR)"
      },
      "unit_concept_id":{
         "Keep":"X",
         "Metadata":"A foreign key to a standard concept identifier of measurement units in the Vocabulary.",
         "ora datatype":"NUMBER(10)"
      },
      "unit_source_concept_id":{
         "Keep":"X",
         "Metadata":"A foreign key to a concept that refers to the code used in the source for the unit.",
         "ora datatype":"NUMBER(10)"
      },
      "unit_source_value":{
         "Keep":"X",
         "Metadata":"The source code for the unit as it appears in the source data. This code is mapped to a standard unit concept in the Standardized Vocabularies and the original code is, stored here for reference.",
         "ora datatype":"VARCHAR2(256 CHAR)"
      },
      "value_as_concept_id":{
         "Keep":"X",
         "Metadata":"A foreign key to a measurement result stored as a concept identifier. This is applicable to measurements where the result can be expressed as a standard concept from the Vocabulary (e.g., positive/negative, present/absent, low/high, etc.).",
         "ora datatype":"NUMBER(10)"
      },
      "value_as_number":{
         "Keep":"X",
         "Metadata":"The measurement result stored as a number. This is applicable to measurements where the result is expressed as a numeric value.",
         "ora datatype":"NUMBER"
      },
      "value_source_value":{
         "Metadata":"The source value associated with the structured value stored as numeric or concept. This field can be used in instances where the source data are transformed",
         "Null":"X",
         "ora datatype":"VARCHAR2(256 CHAR)"
      },
      "visit_occurrence_id":{
         "Keep":"X",
         "Metadata":"A foreign key to the visit in the visit table during which the observation was recorded.",
         "ora datatype":"NUMBER(19)"
      }
   },
   "measurement_organism":{
      "meas_organism_id":{
         "Keep":"X",
         "Metadata":"A system-generated unique identifier for each organism culture relationship.",
         "ora datatype":"NUMBER(19)"
      },
      "measurement_id":{
         "Keep":"X",
         "Metadata":"A foreign key to the lab result in the measurement table where the organism was observed.",
         "ora datatype":"NUMBER(19)"
      },
      "organism_concept_id":{
         "Keep":"X",
         "Metadata":"A foreign key to a standard concept identifier for the organism in the Vocabulary.",
         "ora datatype":"NUMBER(10)"
      },
      "organism_source_value":{
         "Metadata":"The organism value as it appears in the source.",
         "Null":"X",
         "ora datatype":"VARCHAR2(256 CHAR)"
      },
      "person_id":{
         "Keep":"X",
         "Metadata":"A foreign key identifier to the person who the measurement is being documented for. The demographic details of that person are stored in the person table.",
         "ora datatype":"NUMBER(19)"
      },
      "positivity_datetime":{
         "Keep":"X",
         "Metadata":"The estimated date and time of initial growth as reported in the source.",
         "TimeShift":"X",
         "ora datatype":"TIMESTAMP"
      },
      "visit_occurrence_id":{
         "Keep":"X",
         "Metadata":"A foreign key to the visit where the culture lab was ordered",
         "ora datatype":"NUMBER(19)"
      }
   },
   "observation":{
      "observation_concept_id":{
         "Keep":"X",
         "Metadata":"A foreign key to the standard observation concept identifier in the Vocabulary.",
         "ora datatype":"NUMBER(10)"
      },
      "observation_date":{
         "Keep":"X",
         "Metadata":"The date of the observation.",
         "TimeShift":"X",
         "ora datatype":"DATE"
      },
      "observation_datetime":{
         "Keep":"X",
         "Metadata":"The time of the observation.",
         "TimeShift":"X",
         "ora datatype":"TIMESTAMP"
      },
      "observation_id":{
         "Keep":"X",
         "Metadata":"A unique identifier for each observation.",
         "ora datatype":"NUMBER(19)"
      },
      "observation_source_concept_id":{
         "Metadata":"A foreign key to a concept that refers to the code used in the source.",
         "Null":"X",
         "ora datatype":"NUMBER(10)"
      },
      "observation_source_value":{
         "Metadata":"The observation code as it appears in the source data. This code is mapped to a standard concept in the Vocabulary and the original code is, stored here for reference.",
         "Null":"X",
         "ora datatype":"VARCHAR2(256 CHAR)"
      },
      "observation_type_concept_id":{
         "Keep":"X",
         "Metadata":"A foreign key to the predefined concept identifier in the Vocabulary reflecting the type of the observation.",
         "ora datatype":"NUMBER(10)"
      },
      "person_id":{
         "Keep":"X",
         "Metadata":"A foreign key identifier to the person about whom the observation was recorded. The demographic details of that person are stored in the person table.",
         "ora datatype":"NUMBER(19)"
      },
      "provider_id":{
         "Keep":"X",
         "Metadata":"A foreign key to the provider in the provider table who was responsible for making the observation.",
         "ora datatype":"NUMBER(19)"
      },
      "qualifier_concept_id":{
         "Keep":"X",
         "Metadata":"A foreign key to standard concept identifier for a qualifier (e.g severity of drug-drug interaction alert)",
         "ora datatype":"NUMBER(10)"
      },
      "qualifier_source_value":{
         "Metadata":"The source value associated with a qualifier to characterize the observation",
         "Null":"X",
         "ora datatype":"VARCHAR2(256 CHAR)"
      },
      "unit_concept_id":{
         "Keep":"X",
         "Metadata":"A foreign key to a standard concept identifier of observation units in the Vocabulary.",
         "ora datatype":"NUMBER(10)"
      },
      "unit_source_value":{
         "Keep":"X",
         "Metadata":"The source code for the unit as it appears in the source data. This code is mapped to a standard unit concept in the Vocabulary and the original code is, stored here for reference.",
         "ora datatype":"VARCHAR2(256 CHAR)"
      },
      "value_as_concept_id":{
         "Keep":"X",
         "Metadata":"A foreign key to an observation result stored as a concept identifier. This is applicable to observations where the result can be expressed as a standard concept from the Vocabulary (e.g., positive/negative, present/absent, low/high, etc.).",
         "ora datatype":"NUMBER(10)"
      },
      "value_as_number":{
         "Keep":"X",
         "Metadata":"The observation result stored as a number. This is applicable to observations where the result is expressed as a numeric value.",
         "ora datatype":"NUMBER"
      },
      "value_as_string":{
         "Keep":"X",
         "Metadata":"The observation result stored as a string. This is applicable to observations where the result is expressed as verbatim text.",
         "ora datatype":"VARCHAR2(256 CHAR)"
      },
      "value_source_value":{
         "Metadata":"The source value associated with the actual observation in the source",
         "Null":"X",
         "ora datatype":"VARCHAR2(256 CHAR)"
      },
      "visit_occurrence_id":{
         "Keep":"X",
         "Metadata":"A foreign key to the visit in the visit table during which the observation was recorded.",
         "ora datatype":"NUMBER(19)"
      }
   },
   "observation_period":{
      "observation_period_end_date":{
         "Keep":"X",
         "Metadata":"The end date of the observation period for which data are available from the source.",
         "TimeShift":"X",
         "ora datatype":"DATE"
      },
      "observation_period_end_time":{
         "Keep":"X",
         "Metadata":"The end date of the observation period for which data are available from the source.",
         "TimeShift":"X",
         "ora datatype":"TIMESTAMP"
      },
      "observation_period_id":{
         "Keep":"X",
         "Metadata":"A system-generate unique identifier for each observation period",
         "ora datatype":"NUMBER(19)"
      },
      "observation_period_start_date":{
         "Keep":"X",
         "Metadata":"The start date of the observation period for which data are available from the data source",
         "TimeShift":"X",
         "ora datatype":"DATE"
      },
      "observation_period_start_time":{
         "Keep":"X",
         "Metadata":"The start date of the observation period for which data are available from the data source",
         "TimeShift":"X",
         "ora datatype":"TIMESTAMP"
      },
      "period_type_concept_id":{
         "Keep":"X",
         "Metadata":"A foreign key for the period type for each observation period record.",
         "ora datatype":"NUMBER(10)"
      },
      "person_id":{
         "Keep":"X",
         "Metadata":"A foreign key identifier to the person who is experiencing the condition. The demographic details of that person are stored in the person table.",
         "ora datatype":"NUMBER(19)"
      }
   },
   "person":{
      "birth_date":{
         "Keep":"X",
         "Metadata":"The birth date",
         "TimeShift":"X",
         "ora datatype":"DATE"
      },
      "birth_datetime":{
         "Keep":"X",
         "Metadata":"The birth date and time",
         "TimeShift":"X",
         "ora datatype":"TIMESTAMP"
      },
      "care_site_id":{
         "Keep":"X",
         "Metadata":"A foreign key to the site of primary care in the care_site table, where the details of the care site are stored",
         "ora datatype":"NUMBER(19)"
      },
      "day_of_birth":{
         "Metadata":"The day of the month of birth of the person.",
         "Null":"X",
         "ora datatype":"NUMBER(10)"
      },
      "ethnicity_concept_id":{
         "Keep":"X",
         "Metadata":"A foreign key that refers to the standard concept identifier in the Vocabulary for the ethnicity of the person.",
         "ora datatype":"NUMBER(10)"
      },
      "ethnicity_source_concept_id":{
         "Metadata":"A foreign key to the ethnicity concept that refers to the code used in the source.",
         "Null":"X",
         "ora datatype":"NUMBER(10)"
      },
      "ethnicity_source_value":{
         "Metadata":"The source code for the ethnicity of the person as it appears in the source data.",
         "Null":"X",
         "ora datatype":"VARCHAR2(256 CHAR)"
      },
      "gender_concept_id":{
         "Keep":"X",
         "Metadata":"A foreign key that refers to a standard concept identifier in the Vocabulary for the gender of the person.",
         "ora datatype":"NUMBER(10)"
      },
      "gender_source_concept_id":{
         "Metadata":"A foreign key to the gender concept that refers to the code used in the source.",
         "Null":"X",
         "ora datatype":"NUMBER(10)"
      },
      "gender_source_value":{
         "Metadata":"The source code for the gender of the person as it appears in the source data.",
         "Null":"X",
         "ora datatype":"VARCHAR2(256 CHAR)"
      },
      "language_concept_id":{
         "Keep":"X",
         "Metadata":"A foreign key that refers to the standard concept identifier in the Vocabulary for the language of the person.",
         "ora datatype":"NUMBER(10)"
      },
      "language_source_concept_id":{
         "Metadata":"A foreign key to the language concept that refers to the code used in the source.",
         "Null":"X",
         "ora datatype":"NUMBER(10)"
      },
      "language_source_value":{
         "Metadata":"The source code for the language of the person as it appears in the source data",
         "Null":"X",
         "ora datatype":"VARCHAR2(256 CHAR)"
      },
      "location_id":{
         "Keep":"X",
         "Metadata":"A foreign key to the place of residency (ZIP code) for the person in the location table, where the detailed address information is stored.",
         "ora datatype":"NUMBER(19)"
      },
      "month_of_birth":{
         "Metadata":"The month of birth of the person.",
         "TimeShift":"X",
         "ora datatype":"NUMBER(10)"
      },
      "person_id":{
         "Keep":"X",
         "Metadata":"A unique identifier for each person; this is created by each contributing site.",
         "ora datatype":"NUMBER(19)"
      },
      "person_source_value":{
         "Metadata":"An encrypted key derived from the person identifier in the source data.",
         "Null":"X",
         "ora datatype":"VARCHAR2(256 CHAR)"
      },
      "pn_gestational_age":{
         "Keep":"X",
         "Metadata":"The post-menstrual age in weeks of the person at birth, if known",
         "ora datatype":"NUMBER"
      },
      "provider_id":{
         "Keep":"X",
         "Metadata":"Foreign key to the primary care provider the person is seeing in the provider table.",
         "ora datatype":"NUMBER(19)"
      },
      "race_concept_id":{
         "Keep":"X",
         "Metadata":"A foreign key that refers to a standard concept identifier in the Vocabulary for the race of the person.",
         "ora datatype":"NUMBER(10)"
      },
      "race_source_concept_id":{
         "Metadata":"A foreign key to the race concept that refers to the code used in the source.",
         "Null":"X",
         "ora datatype":"NUMBER(10)"
      },
      "race_source_value":{
         "Metadata":"The source code for the race of the person as it appears in the source data.",
         "Null":"X",
         "ora datatype":"VARCHAR2(256 CHAR)"
      },
      "year_of_birth":{
         "Keep":"X",
         "Metadata":"The year of birth of the person.",
         "TimeShift":"X",
         "ora datatype":"NUMBER(10)"
      }
   },
   "procedure_occurrence":{
      "modifier_concept_id":{
         "Keep":"X",
         "Metadata":"A foreign key to a standard concept identifier for a modifier to the procedure (e.g. bilateral)",
         "ora datatype":"NUMBER(10)"
      },
      "modifier_source_value":{
         "Metadata":"The source code for the modifier as it appears in the source data.",
         "Null":"X",
         "ora datatype":"VARCHAR2(256 CHAR)"
      },
      "person_id":{
         "Keep":"X",
         "Metadata":"A foreign key identifier to the person who is subjected to the procedure. The demographic details of that person are stored in the person table.",
         "ora datatype":"NUMBER(19)"
      },
      "procedure_concept_id":{
         "Keep":"X",
         "Metadata":"A foreign key that refers to a standard procedure concept identifier in the Vocabulary.",
         "ora datatype":"NUMBER(10)"
      },
      "procedure_date":{
         "Keep":"X",
         "Metadata":"The date on which the procedure was performed.",
         "TimeShift":"X",
         "ora datatype":"DATE"
      },
      "procedure_datetime":{
         "Keep":"X",
         "Metadata":"The date and time on which the procedure was performed. If there is no time associated with the date assert midnight.",
         "TimeShift":"X",
         "ora datatype":"TIMESTAMP"
      },
      "procedure_end_date":{
         "Keep":"X",
         "Metadata":"The date on which the procedure ended.",
         "TimeShift":"X",
         "ora datatype":"DATE"
      },
      "procedure_end_datetime":{
         "Keep":"X",
         "Metadata":"The date and time on which the procedure ended. If there is no time associated with the date assert midnight.",
         "TimeShift":"X",
         "ora datatype":"TIMESTAMP"
      },
      "procedure_occurrence_id":{
         "Keep":"X",
         "Metadata":"A system-generated unique identifier for each procedure occurrence",
         "ora datatype":"NUMBER(19)"
      },
      "procedure_source_concept_id":{
         "Metadata":"A foreign key to a procedure concept that refers to the code used in the source.",
         "Null":"X",
         "ora datatype":"NUMBER(10)"
      },
      "procedure_source_value":{
         "Metadata":"The source code for the procedure as it appears in the source data. This code is mapped to a standard procedure concept in the Vocabulary and the original code is stored here for reference.",
         "Null":"X",
         "ora datatype":"VARCHAR2(256 CHAR)"
      },
      "procedure_type_concept_id":{
         "Keep":"X",
         "Metadata":"A foreign key to the predefined concept identifier in the Vocabulary reflecting the type of source data from which the procedure record is derived. (OMOP vocabulary_id = 'Procedure Type')",
         "ora datatype":"NUMBER(10)"
      },
      "provider_id":{
         "Keep":"X",
         "Metadata":"A foreign key to the provider in the provider table who was responsible for carrying out the procedure.",
         "ora datatype":"NUMBER(19)"
      },
      "quantity":{
         "Keep":"X",
         "Metadata":"The quantity of procedures ordered or administered.",
         "ora datatype":"NUMBER(10)"
      },
      "visit_occurrence_id":{
         "Keep":"X",
         "Metadata":"A foreign key to the visit in the visit table during which the procedure was carried out.",
         "ora datatype":"NUMBER(19)"
      }
   },
   "provider":{
      "care_site_id":{
         "Keep":"X",
         "Metadata":"A foreign key to the main care site where the provider is practicing.",
         "ora datatype":"NUMBER(19)"
      },
      "dea":{
         "Keep":"X",
         "Metadata":"The Drug Enforcement Administration (DEA) number of the provider.",
         "ora datatype":"VARCHAR2(256 CHAR)"
      },
      "gender_concept_id":{
         "Keep":"X",
         "Metadata":"The gender of the provider",
         "ora datatype":"NUMBER(10)"
      },
      "gender_source_concept_id":{
         "Metadata":"The gender of the provider as represented in the source that maps to a concept in the vocabulary",
         "Null":"X",
         "ora datatype":"NUMBER(10)"
      },
      "gender_source_value":{
         "Metadata":"The source value for the provider gender.",
         "Null":"X",
         "ora datatype":"VARCHAR2(256 CHAR)"
      },
      "npi":{
         "Metadata":"The National Provider Identifier (NPI) of the provider.",
         "Null":"X",
         "ora datatype":"VARCHAR2(256 CHAR)"
      },
      "provider_id":{
         "Keep":"X",
         "Metadata":"A unique identifier for each provider. Each site must maintain a map from this value to the identifier used for the provider in the source data.",
         "ora datatype":"NUMBER(19)"
      },
      "provider_name":{
         "Metadata":"A description of the provider",
         "Null":"X",
         "ora datatype":"VARCHAR2(256 CHAR)"
      },
      "provider_source_value":{
         "Metadata":"The identifier used for the provider in the source data, stored here for reference.",
         "Null":"X",
         "ora datatype":"VARCHAR2(256 CHAR)"
      },
      "specialty_concept_id":{
         "Keep":"X",
         "Metadata":"A foreign key to a standard provider's specialty concept identifier in the Vocabulary.",
         "ora datatype":"NUMBER(10)"
      },
      "specialty_source_concept_id":{
         "Metadata":"A foreign key to a concept that refers to the code used in the source.",
         "Null":"X",
         "ora datatype":"NUMBER(10)"
      },
      "specialty_source_value":{
         "Metadata":"The source code for the provider specialty as it appears in the source data, stored here for reference.",
         "Null":"X",
         "ora datatype":"VARCHAR2(256 CHAR)"
      },
      "year_of_birth":{
         "Keep":"X",
         "Metadata":"The year of birth of the provider",
         "ora datatype":"NUMBER(10)"
      }
   },
   "relationship":{
      "defines_ancestry":{
         "Keep":"X",
         "ora datatype":"VARCHAR2(1 CHAR)"
      },
      "is_hierarchical":{
         "Keep":"X",
         "ora datatype":"VARCHAR2(1 CHAR)"
      },
      "relationship_concept_id":{
         "Keep":"X",
         "ora datatype":"NUMBER(10)"
      },
      "relationship_id":{
         "Keep":"X",
         "ora datatype":"VARCHAR2(20 CHAR)"
      },
      "relationship_name":{
         "Keep":"X",
         "ora datatype":"VARCHAR2(255 CHAR)"
      },
      "reverse_relationship_id":{
         "Keep":"X",
         "ora datatype":"VARCHAR2(20 CHAR)"
      }
   },
   "source_to_concept_map":{
      "invalid_reason":{
         "Keep":"X",
         "ora datatype":"VARCHAR2(1 CHAR)"
      },
      "source_code":{
         "Keep":"X",
         "ora datatype":"VARCHAR2(50 CHAR)"
      },
      "source_code_description":{
         "Keep":"X",
         "ora datatype":"VARCHAR2(255 CHAR)"
      },
      "source_concept_id":{
         "Keep":"X",
         "ora datatype":"NUMBER(10)"
      },
      "source_vocabulary_id":{
         "Keep":"X",
         "ora datatype":"VARCHAR2(20 CHAR)"
      },
      "target_concept_id":{
         "Keep":"X",
         "ora datatype":"NUMBER(10)"
      },
      "target_vocabulary_id":{
         "Keep":"X",
         "ora datatype":"VARCHAR2(20 CHAR)"
      },
      "valid_end_date":{
         "Keep":"X",
         "ora datatype":"DATE"
      },
      "valid_start_date":{
         "Keep":"X",
         "ora datatype":"DATE"
      }
   },
   "specialty":{
      "domain_id":{
         "Keep":"X",
         "Metadata":"The domain of the entity that is related to the specialty. Either PROVIDER or CARE_SITE.",
         "ora datatype":"VARCHAR2(256 CHAR)"
      },
      "entity_id":{
         "Keep":"X",
         "Metadata":"The unique identifier for the entity. References either provider_id or care_site_id depending on domain_id.",
         "ora datatype":"NUMBER(19)"
      },
      "entity_type_concept_id":{
         "Keep":"X",
         "ora datatype":"NUMBER(10)"
      },
      "specialty_concept_id":{
         "Keep":"X",
         "Metadata":"concept_id that represents the hierarchical order of the specialty record as it is associated with the domain_id + entity_id record (i.e. with the given PROVIDER or CARE_SITE).",
         "ora datatype":"NUMBER(10)"
      },
      "specialty_id":{
         "Keep":"X",
         "Metadata":"A system-generated unique identifier for each Specialty record.",
         "ora datatype":"NUMBER(19)"
      },
      "specialty_source_value":{
         "Keep":"X",
         "ora datatype":"VARCHAR2(256 CHAR)"
      }
   },
   "time_shift":60,
   "visit_occurrence":{
      "admitted_from_concept_id":{
         "Keep":"X",
         "Metadata":"A foreign key to the predefined concept in the Place of Service Vocabulary reflecting the admitting source for a visit.",
         "ora datatype":"NUMBER(10)"
      },
      "admitted_from_source_value":{
         "Metadata":"The source code for the admitting source as it appears in the source data.",
         "Null":"X",
         "ora datatype":"VARCHAR2(256 CHAR)"
      },
      "care_site_id":{
         "Keep":"X",
         "Metadata":"A foreign key to the care site in the care site table that was visited.",
         "ora datatype":"NUMBER(19)"
      },
      "discharged_to_concept_id":{
         "Keep":"X",
         "Metadata":"A foreign key to the predefined concept in the Place of Service Vocabulary reflecting the discharge disposition (destination) for a visit.",
         "ora datatype":"NUMBER(10)"
      },
      "discharged_to_source_value":{
         "Metadata":"The source code for the discharge disposition as it appears in the source data.",
         "Null":"X",
         "ora datatype":"VARCHAR2(256 CHAR)"
      },
      "person_id":{
         "Keep":"X",
         "Metadata":"A foreign key identifier to the person for whom the visit is recorded. The demographic details of that person are stored in the person table.",
         "ora datatype":"NUMBER(19)"
      },
      "preceding_visit_occurrence_id":{
         "Keep":"X",
         "Metadata":"A foreign key to the VISIT_OCCURRENCE table record of the visit immediately preceding this visit.",
         "ora datatype":"NUMBER(19)"
      },
      "provider_id":{
         "Keep":"X",
         "Metadata":"A foreign key to the provider in the provider table who was associated with the visit.",
         "ora datatype":"NUMBER(19)"
      },
      "visit_concept_id":{
         "Keep":"X",
         "Metadata":"A foreign key that refers to a place of service concept identifier in the vocabulary.",
         "ora datatype":"NUMBER(10)"
      },
      "visit_end_date":{
         "Keep":"X",
         "Metadata":"The end date of the visit.",
         "TimeShift":"X",
         "ora datatype":"DATE"
      },
      "visit_end_datetime":{
         "Keep":"X",
         "Metadata":"The end date of the visit.",
         "TimeShift":"X",
         "ora datatype":"TIMESTAMP"
      },
      "visit_occurrence_id":{
         "Keep":"X",
         "Metadata":"A unique identifier for each person's visits or encounter at a healthcare provider.",
         "ora datatype":"NUMBER(19)"
      },
      "visit_source_concept_id":{
         "Metadata":"A foreign key to a concept that refers to the code used in the source.",
         "Null":"X",
         "ora datatype":"NUMBER(10)"
      },
      "visit_source_value":{
         "Metadata":"The source code used to reflect the type or source of the visit in the source data. Valid entries include office visits, hospital admissions, etc. These source codes can also be type-of service codes and activity type codes.",
         "Null":"X",
         "ora datatype":"VARCHAR2(256 CHAR)"
      },
      "visit_start_date":{
         "Keep":"X",
         "Metadata":"The start date of the visit.",
         "TimeShift":"X",
         "ora datatype":"DATE"
      },
      "visit_start_datetime":{
         "Keep":"X",
         "Metadata":"The start date of the visit.",
         "TimeShift":"X",
         "ora datatype":"TIMESTAMP"
      },
      "visit_type_concept_id":{
         "Keep":"X",
         "Metadata":"A foreign key to the predefined concept identifier in the standard vocabulary reflecting the type of source data from which the visit record is derived.",
         "ora datatype":"NUMBER(10)"
      }
   },
   "visit_payer":{
      "plan_class":{
         "Keep":"X",
         "Metadata":"\"A list of the \"\"payment sources\"\" most often used in demographic analyses\"",
         "ora datatype":"VARCHAR2(256 CHAR)"
      },
      "plan_name":{
         "Keep":"X",
         "Metadata":"The untransformed payer/plan name from the source data",
         "ora datatype":"VARCHAR2(256 CHAR)"
      },
      "plan_type":{
         "Keep":"X",
         "Metadata":"A standardized interpretation of the plan structure",
         "ora datatype":"VARCHAR2(256 CHAR)"
      },
      "visit_occurrence_id":{
         "Keep":"X",
         "Metadata":"A foreign key to the visit in the visit table where the payer was billed for the visit.",
         "ora datatype":"NUMBER(19)"
      },
      "visit_payer_id":{
         "Keep":"X",
         "Metadata":"A system-generated unique identifier for each visit payer relationship.",
         "ora datatype":"NUMBER(19)"
      },
      "visit_payer_type_concept_id":{
         "Keep":"X",
         "Metadata":"A foreign key to a concept that refers to the status of the payer in the source.",
         "ora datatype":"NUMBER(10)"
      }
   },
   "vocabulary":{
      "vocabulary_concept_id":{
         "Keep":"X",
         "ora datatype":"NUMBER(10)"
      },
      "vocabulary_id":{
         "Keep":"X",
         "ora datatype":"VARCHAR2(20 CHAR)"
      },
      "vocabulary_name":{
         "Keep":"X",
         "ora datatype":"VARCHAR2(255 CHAR)"
      },
      "vocabulary_reference":{
         "Keep":"X",
         "ora datatype":"VARCHAR2(255 CHAR)"
      },
      "vocabulary_version":{
         "Keep":"X",
         "ora datatype":"VARCHAR2(255 CHAR)"
      }
   }
}
